{
    "Distancia_kilometros": [
        44.81141084240308, 
        152.09975341638972, 
        152.54447219036678, 
        40.45713725197421, 
        134.95776256397747, 
        157.7454825048185, 
        166.69438558024308, 
        155.09067272695847, 
        77.74343521289418, 
        91.99222048931252, 
        52.73762126302034, 
        77.80636966998826, 
        119.79901894626877, 
        67.56675178721842, 
        43.64214486219673, 
        155.67381451067254
    ], 
    "Tipo_incidencia": [
        "CONO", 
        "OBRAS", 
        "OBRAS", 
        "OBRAS", 
        "OBRAS", 
        "OBRAS", 
        "OBRAS", 
        "OBRAS", 
        "OBRAS", 
        "OBRAS", 
        "OBRAS", 
        "OBRAS", 
        "OBRAS", 
        "OBRAS", 
        "OBRAS", 
        "OBRAS"
    ], 
    "Version_incidencia": [
        "01", 
        "02", 
        "02", 
        "02", 
        "02", 
        "02", 
        "02", 
        "02", 
        "02", 
        "01", 
        "02", 
        "02", 
        "01", 
        "02", 
        "01", 
        "02"
    ], 
    "Poblacion": [
        "PONTE DA ERMIDA (A)", 
        "ANEA (A)", 
        "ANEA (A)", 
        "BARRELA (A)", 
        "EMPALME (O)", 
        "FAZOURO", 
        "FAZOURO", 
        "FORXAN", 
        "LODEIRO", 
        "LUGO", 
        "PACIO DO RIO", 
        "PINTUREIRA (A)", 
        "PONTENOVA (A)", 
        "SAN PEDRO", 
        "SOILAN", 
        "TOMBIN (O)"
    ], 
    "Provincia": [
        "LUGO", 
        "LUGO", 
        "LUGO", 
        "LUGO", 
        "LUGO", 
        "LUGO", 
        "LUGO", 
        "LUGO", 
        "LUGO", 
        "LUGO", 
        "LUGO", 
        "LUGO", 
        "LUGO", 
        "LUGO", 
        "LUGO", 
        "LUGO"
    ], 
    "Autonomia": [
        "GALICIA", 
        "GALICIA", 
        "GALICIA", 
        "GALICIA", 
        "GALICIA", 
        "GALICIA", 
        "GALICIA", 
        "GALICIA", 
        "GALICIA", 
        "GALICIA", 
        "GALICIA", 
        "GALICIA", 
        "GALICIA", 
        "GALICIA", 
        "GALICIA", 
        "GALICIA"
    ], 
    "Punto_km_inicial": [
        6.0, 
        27.0, 
        28.8, 
        9.8, 
        42.0, 
        36.5, 
        54.2, 
        32.5, 
        30.0, 
        503.8, 
        0.0, 
        29.0, 
        21.4, 
        72.7, 
        59.8, 
        557.5
    ], 
    "Matr\u00edcula": [
        "LU", 
        "LU", 
        "LU", 
        "LU", 
        "LU", 
        "LU", 
        "LU", 
        "LU", 
        "LU", 
        "LU", 
        "LU", 
        "LU", 
        "LU", 
        "LU", 
        "LU", 
        "LU"
    ], 
    "Fecha_Hora": [
        "2020-08-13 11:42", 
        "2020-08-31 08:01", 
        "2020-08-31 08:01", 
        "2018-09-19 21:52", 
        "2020-08-18 21:26", 
        "2020-08-31 08:01", 
        "2020-08-31 08:01", 
        "2020-08-31 09:20", 
        "2020-08-31 08:40", 
        "2019-01-07 10:15", 
        "2020-08-31 08:39", 
        "2020-08-31 08:40", 
        "2020-01-20 14:18", 
        "2020-08-17 10:08", 
        "2020-05-20 02:59", 
        "2020-08-31 09:32"
    ], 
    "Referencia_Incidencia": [
        "LU008138186", 
        "LU008318038", 
        "LU008319032", 
        "LU805269036", 
        "LU008188238", 
        "LU008318039", 
        "LU008319033", 
        "LU008319084", 
        "LU008318072", 
        "LU901078044", 
        "LU008318070", 
        "LU008319070", 
        "LU001208265", 
        "LU008178139", 
        "LU005208012", 
        "LU008319088"
    ], 
    "Nivel": [
        "NEGRO", 
        "VERDE", 
        "VERDE", 
        "ROJO", 
        "ROJO", 
        "VERDE", 
        "VERDE", 
        "VERDE", 
        "VERDE", 
        "AMARILLO", 
        "VERDE", 
        "VERDE", 
        "AMARILLO", 
        "VERDE", 
        "AMARILLO", 
        "VERDE"
    ], 
    "Causa_incidencia": [
        " CARRETERA CERRADA EN AMBOS SENTIDOS ", 
        "OBRAS EN GENERAL", 
        "OBRAS EN GENERAL", 
        "REASFALTADO", 
        "OBRAS EN GENERAL", 
        "OBRAS EN GENERAL", 
        "OBRAS EN GENERAL", 
        "OBRAS EN GENERAL", 
        "TRABAJOS DE MANTENIMIENTO", 
        "TRABAJOS DE MANTENIMIENTO", 
        "TRABAJOS DE MANTENIMIENTO", 
        "TRABAJOS DE MANTENIMIENTO", 
        "TRABAJOS DE MANTENIMIENTO", 
        "OBRAS EN GENERAL", 
        "OBRAS EN GENERAL", 
        "TRABAJOS DE MANTENIMIENTO"
    ], 
    "Longitud": [
        -7.7258209, 
        -7.25221, 
        -7.2704426, 
        -7.87801, 
        -7.7906309, 
        -7.2995563, 
        -7.44516, 
        -7.2703905, 
        -7.8250198, 
        -7.5789196, 
        -7.47254, 
        -7.8141716, 
        -7.207005, 
        -7.6174719, 
        -7.7999011, 
        -7.0983494
    ], 
    "Punto_km_final": [
        6.0, 
        28.8, 
        27.0, 
        16.5, 
        55.9, 
        54.2, 
        36.5, 
        33.5, 
        33.0, 
        504.3, 
        11.2, 
        37.0, 
        25.5, 
        72.2, 
        61.8, 
        558.0
    ], 
    "Latitud": [
        42.5912436, 
        43.54027, 
        43.5469115, 
        42.5027, 
        43.4045203, 
        43.5981856, 
        43.69238, 
        43.570216, 
        42.8786488, 
        43.0246215, 
        42.66033, 
        42.8810384, 
        43.2332218, 
        42.8050839, 
        42.5640394, 
        43.5464134
    ], 
    "Sentido": [
        " ", 
        "CRECIENTE DE LA KILOMETRICA", 
        "DECRECIENTE DE LA KILOMETRICA", 
        "AMBOS SENTIDOS", 
        "CRECIENTE DE LA KILOMETRICA", 
        "CRECIENTE DE LA KILOMETRICA", 
        "DECRECIENTE DE LA KILOMETRICA", 
        "CRECIENTE DE LA KILOMETRICA", 
        "AMBOS SENTIDOS", 
        "DECRECIENTE DE LA KILOMETRICA", 
        "AMBOS SENTIDOS", 
        "AMBOS SENTIDOS", 
        "AMBOS SENTIDOS", 
        "DECRECIENTE DE LA KILOMETRICA", 
        "AMBOS SENTIDOS", 
        "AMBOS SENTIDOS"
    ], 
    "Carretera": [
        "LU-P-1804", 
        "N-642", 
        "N-642", 
        "LU-901", 
        "AG-64", 
        "N-642", 
        "N-642", 
        "N-642", 
        "N-547", 
        "N-VI", 
        "LU-644", 
        "N-547", 
        "LU-P-4806", 
        "LU-633", 
        "N-540", 
        "N-634"
    ]
}